,State,PRCP_AVG_old,SNOW_AVG_old,TAVG_AVG_old,TMAX_AVG_old,TMIN_AVG_old,PRCP_MAX_old,SNOW_MAX_old,TAVG_MAX_old,TMAX_MAX_old,TMIN_MAX_old,PRCP_MIN_old,SNOW_MIN_old,TAVG_MIN_old,TMAX_MIN_old,TMIN_MIN_old,PRCP_CNT_old,SNOW_CNT_old,PRCP_CHG_old,SNOW_CHG_old,TMAX_CHG_old,TMIN_CHG_old,TAVG_CHG_old,PRCP_AVG,SNOW_AVG,TAVG_AVG,TMAX_AVG,TMIN_AVG,PRCP_MAX,SNOW_MAX,TAVG_MAX,TMAX_MAX,TMIN_MAX,PRCP_MIN,SNOW_MIN,TAVG_MIN,TMAX_MIN,TMIN_MIN,PRCP_CHG,SNOW_CHG,TMAX_CHG,TMIN_CHG,TAVG_CHG,PRCP_CNT,SNOW_CNT,PRCP_max_yoy,SNOW_max_yoy,TMAX_max_yoy,TMIN_max_yoy,TAVG_max_yoy,TAVG_avg_yoy,TMIN_avg_yoy,TMAX_avg_yoy,PRCP_min_yoy,SNOW_min_yoy,TMAX_min_yoy,TMIN_min_yoy,TAVG_min_yoy,PRCP_CNT_yoy,SNOW_CNT_yoy,PRCP_CHG_yoy,SNOW_CHG_yoy,TMAX_CHG_yoy,TMIN_CHG_yoy,TAVG_CHG_yoy,Cluster
0,AK,27.87168195619574,6.0717166125924,2.198398318820444,46.09220836991753,-46.634830535338054,201.35555559999997,75.46363636,366.02586210000004,266.9300412,119.70612240000001,0.0,0.0,-300.65151519999995,-248.3522727,-308.4166667,3652.0,2368.0,201.35555559999997,75.46363636,515.2823139,428.12278910000003,666.6773773,31.83868946200553,5.516208730030944,-6.614046017059429,45.63685044537483,-41.76880534429725,230.0119048,82.44642857,203.78787880000002,267.96934869999995,120.4942085,0.0,0.0,-283.75609760000003,-230.3811475,-308.6680498,230.0119048,82.44642857,498.35049619999995,429.1622583,487.5439764,3650.0,2132.0,28.656349200000022,6.9827922099999995,1.0393074999999499,0.7880860999999868,-162.23798330000002,-8.812444335879873,4.866025191040805,-0.45535792454269597,0.0,0.0,17.97112519999999,-0.2513830999999982,16.895417599999917,-2.0,-236.0,28.656349200000022,6.9827922099999995,-16.93181770000001,1.039469199999985,-179.13340089999997,0
1,AL,39.20288663732081,0.020448636547221465,173.83305866506953,238.34173150587495,110.61439429807139,626.1929825,12.62903226,308.3333333,387.6179775,238.4578313,0.0,0.0,-51.26666667,3.9,-125.16049380000001,3349.0,68.0,626.1929825,12.62903226,383.7179775,363.6183251,359.59999997,42.68995784072308,0.17955572030613362,177.65767615890144,240.99959924256555,115.40552342643795,738.4528302,127.19736840000002,307.2,380.9294118,242.5777778,0.0,0.0,-76.0,-18.46428571,-128.1445783,738.4528302,127.19736840000002,399.39369751000004,370.7223561,383.2,3476.0,111.0,112.25984770000002,114.56833614000001,-6.68856569999997,4.1199464999999975,-1.1333333000000039,3.8246174938319086,4.791129128366563,2.657867736690605,0.0,0.0,-22.364285709999997,-2.9840844999999945,-24.73333333,127.0,43.0,112.25984770000002,114.56833614000001,15.67572001000002,7.10403100000002,23.60000002999999,2
2,AR,36.159018672301926,0.22388948101149742,157.44069632246584,221.69868374184784,100.97427805111334,811.7430555999999,144.796748,315.2142857,407.9456522,243.36263739999998,0.0,0.0,-80.0,-28.65934066,-123.46511629999999,3279.0,237.0,811.7430555999999,144.796748,436.60499286,366.82775369999996,395.2142857,38.78065997769887,0.4019513270147864,155.73942009107603,222.93691543870096,102.96888486636894,950.9512195,119.0,339.8333333,414.4845361,264.89795919999995,0.0,0.0,-131.8,-52.03370787,-153.8651685,950.9512195,119.0,466.51824397,418.7631276999999,471.6333333,3342.0,243.0,139.20816390000005,-25.796748000000008,6.53888390000003,21.535321799999963,24.619047599999988,-1.7012762313898122,1.9946068152555938,1.23823169685312,0.0,0.0,-23.37436721,-30.40005220000002,-51.80000000000001,63.0,6.0,139.20816390000005,-25.796748000000008,29.913251110000033,51.93537399999997,76.4190476,2
3,AZ,9.117758758508323,0.6007593010533803,132.43773345059918,235.1734109144734,77.97201063021049,347.2837838,64.38931298,565.253012,469.7525773,319.4875622,0.0,0.0,-76.22666667,25.88659794,-122.225641,3095.0,715.0,347.2837838,64.38931298,443.86597936,441.7132032,641.47967867,9.862879803690841,1.1883877913518612,124.8804919535789,228.0280613257534,74.27840006030705,353.8653846,192.0422535,278.313253,393.5706522,211.5268293,0.0,0.0,-115.18292679999999,-3.287958115,-141.4467005,353.8653846,192.0422535,396.85861031499996,352.9735298,393.49617979999994,2979.0,674.0,6.5816008000000465,127.65294051999999,-76.1819251,-107.96073290000001,-286.93975900000004,-7.557241497020286,-3.6936105699034414,-7.145349588719995,0.0,0.0,-29.174556055,-19.221059499999996,-38.95626012999999,-116.0,-41.0,6.5816008000000465,127.65294051999999,-47.00736904500002,-88.73967340000002,-247.98349887000006,1
4,CA,16.74775507375445,0.9768095896044348,130.52701168924088,212.0218190665722,72.12963667644927,416.3005618,31.96232877,290.00996680000003,384.0830258,216.29050279999998,0.0,0.0,-40.37288136,41.62,-79.60405157,3469.0,1055.0,416.3005618,31.96232877,342.46302579999997,295.89455437,330.38284816000004,18.651238908919204,1.7602073220177998,130.2802569772222,212.64415683451546,77.34245997134056,420.11678830000005,112.0980392,278.2733813,373.1036585,202.86178859999998,0.0,0.0,-45.29962547,44.46296296,-75.17751479,420.11678830000005,112.0980392,328.64069554,278.03930339,323.57300677,3561.0,1015.0,3.8162265000000275,80.13571043,-10.979367299999979,-13.428714200000002,-11.736585500000047,-0.24675471201868504,5.212823294891294,0.6223377679432645,0.0,0.0,2.8429629600000013,4.426536779999992,-4.926744110000001,92.0,-40.0,3.8162265000000275,80.13571043,-13.822330259999944,-17.855250979999994,-6.809841390000031,0
5,CO,13.317385086812227,4.281294005473579,47.41005242842888,145.4560920084276,-6.199542442011222,314.3797909,312.5051095,325.61290319999995,409.9583333,209.8056426,0.0,0.0,-190.6381579,-101.1676829,-245.11384619999998,3651.0,1996.0,314.3797909,312.5051095,511.1260162,454.91948879999995,516.2510611,13.805290589274374,5.068661581384177,43.01827288371138,140.26296628734065,-7.2554856053176415,318.486685,199.55828219999998,307.9882353,319.052795,192.4201183,0.0,0.0,-232.57364339999998,-152.5210843,-288.5533333,318.486685,199.55828219999998,471.57387930000004,480.97345160000003,540.5618787,3638.0,1924.0,4.106894100000034,-112.94682730000002,-90.90553829999999,-17.385524299999986,-17.624667899999963,-4.391779544717494,-1.0559431633064191,-5.193125721086943,0.0,0.0,-51.35340140000001,-43.439487100000036,-41.93548549999997,-13.0,-72.0,4.106894100000034,-112.94682730000002,-39.55213689999994,26.05396280000008,24.31081759999995,1
6,CT,36.183092577153566,3.115641565565293,100.2835540303703,151.1152327757495,40.32558458103311,798.4705882000001,235.33333330000002,300.0,355.8333333,229.5384615,0.0,0.0,-163.0,-125.5384615,-217.92307689999998,2772.0,589.0,798.4705882000001,235.33333330000002,481.3717948,447.4615384,463.0,35.73811977379408,3.8042204131229465,112.35671807990553,156.73080824317802,45.319069103263104,1136.0,634.4736842,289.85604999148933,358.125,232.4117647,0.0,0.0,-161.27762466085105,-117.2,-245.5,1136.0,634.4736842,475.325,477.9117647,451.13367465234046,2799.0,590.0,337.52941179999993,399.14035089999993,2.2916667000000075,2.873303199999981,-33.82083897234042,0.9359313954235938,4.993484522229991,5.615575467428528,0.0,0.0,8.338461499999994,-27.576923100000016,-14.315347145744688,27.0,1.0,337.52941179999993,399.14035089999993,-6.0467947999999865,30.450226299999997,-19.505491826595744,3
7,DC,39.09806345299258,0.8955681282362093,110.58395700835518,175.4786699008161,52.735224366956174,1476.0,170.0,321.89327562600005,370.05112089400006,232.078302208,0.0,0.0,-148.9928741982,-92.01002471192001,-200.3873213226001,340.0,118.0,1476.0,170.0,462.06114560591993,432.46562353059994,470.88614982419995,29.68308377309272,2.5261492307201787,112.35671807990553,175.623835181734,55.5158429218094,677.0860939760001,193.69649391125998,289.85604999148933,365.433996648,225.99082011400006,0.00054545454,0.0,-161.27762466085105,-106.0702158835,-216.73096723959995,677.0855485214602,193.69649391125998,471.5042125314999,442.7217873536002,451.13367465234046,3368.66,892.6,121.23788447199999,39.593712807200006,-4.617124246,-6.087482094000002,-33.82083897234042,0.9359313954235938,2.7806185548531848,0.14516528091793618,9.090908000000008e-05,0.00786169504,-14.06019117158,-16.343645917,-14.315347145744688,48.66,-31.0,121.23779356291999,39.585851112160015,9.443066925580002,10.256163822999998,-19.505491826595744,2
8,DE,33.59183511691183,1.0218778482669042,136.17847567981616,188.32542202765262,84.82322748411123,1027.0,321.5,600.0,365.6,264.6,0.0,0.0,-102.0,-57.5,-148.8,1876.0,127.0,1027.0,321.5,423.1,413.40000000000003,702.0,34.934668171717334,1.543111741375586,136.25504782146652,193.00928714911836,91.08823932106135,1685.3,391.76470589999997,328.0,385.0,268.6666667,0.0,0.0,-133.0,-89.0,-194.0,1685.3,391.76470589999997,474.0,462.6666667,461.0,2473.0,259.0,658.3,70.26470589999997,19.399999999999977,4.066666699999985,-272.0,0.07657214165035953,6.265011836950123,4.683865121465743,0.0,0.0,-31.5,-45.19999999999999,-31.0,597.0,132.0,658.3,70.26470589999997,50.89999999999998,49.26666669999997,-241.0,3
9,FL,37.215553985160405,0.031173870595401047,219.43331239367626,277.74641030041147,167.5300715854735,536.9404762,4.272727273,302.35714289999993,356.4358974,257.4833333,0.0,0.0,34.92857143,108.17741940000002,-25.1092437,3560.0,39.0,536.9404762,4.272727273,248.25847799999997,282.592577,267.42857146999995,41.402700794410215,0.0002705634312705367,217.95563854571472,281.613310576676,175.4629926248988,1460.044944,0.333333333,296.7692308,357.255814,254.6521739,0.0,0.0,13.78571429,70.66393443,-33.832,1460.044944,0.333333333,286.59187957,288.48417390000003,282.98351651,3609.0,7.0,923.1044678,-3.93939394,0.8199165999999991,-2.8311594000000184,-5.587912099999926,-1.4776738479615403,7.932921039425281,3.8669002762645164,0.0,0.0,-37.51348497000002,-8.7227563,-21.142857139999997,49.0,-32.0,923.1044678,-3.93939394,38.333401570000035,5.891596900000025,15.554945040000064,2
10,GA,34.95082939417624,0.03378710465562551,169.13337292924925,237.08730235124807,109.30278137118668,695.1340782000001,28.515,304.3333333,377.2580645,238.872,0.0,0.0,-58.92857143,12.78571429,-116.28070179999999,3333.0,125.0,695.1340782000001,28.515,364.47235021,355.1527018,363.26190472999997,37.782626550098065,0.17859902847699888,175.25727331178317,239.51379552041382,114.33726911661404,736.9493671,107.07831329999999,311.34482760000003,388.94871789999996,238.06034480000002,0.0,0.0,-75.71428571,11.42982456,-118.31578950000001,736.9493671,107.07831329999999,377.51889334,356.37613430000005,387.05911331000004,3445.0,126.0,41.81528889999993,78.56331329999999,11.690653399999974,-0.8116551999999899,7.011494300000038,6.123900382533918,5.034487745427356,2.4264931691657523,0.0,0.0,-1.3558897299999995,-2.0350877000000196,-16.78571428,112.0,1.0,41.81528889999993,78.56331329999999,13.046543129999975,1.223432500000058,23.797208580000074,2
11,HI,39.70560529629984,0.005289012559540105,208.68251284297858,260.58850512745687,178.95069598072803,876.3362832,10.10404624,261.5,296.125,214.33333330000002,0.022727273,0.0,158.9545455,211.0,118.9111111,3653.0,9.0,876.313555927,10.10404624,85.125,95.42222220000002,102.5454545,45.636690190652914,0.0,206.63119728740463,259.9915415697156,179.76029868143502,734.5324674999999,0.0,248.3,295.2162162,220.10810809999998,0.027272727000000004,0.0,144.45,205.37931030000001,113.58620690000001,734.505194773,0.0,89.8369059,106.52190119999997,103.85000000000002,3652.0,27.0,-141.8038157000001,-10.10404624,-0.9087837999999806,5.77477479999996,-13.199999999999989,-2.05131555557395,0.8096027007069893,-0.596963557741276,0.004545454000000004,0.0,-5.620689699999986,-5.324904199999992,-14.504545500000006,-1.0,18.0,-141.80836115400007,-10.10404624,4.711905900000005,11.099678999999952,1.3045455000000175,2
12,IA,24.666492574052242,2.265681169540926,99.00128693957046,150.6244601027995,32.77591074970708,458.772,218.15789469999996,318.5,359.5166667,243.9380531,0.0,0.0,-242.0,-177.3583333,-313.5416667,3234.0,968.0,458.772,218.15789469999996,536.875,557.4797198,560.5,27.897959980562966,2.454875426177163,107.1725082146769,149.92673934473612,33.177153065600464,571.2148437999999,161.31455400000002,316.5,374.1101695,244.9916667,0.0,0.0,-243.5,-209.8053097,-316.12280699999997,571.2148437999999,161.31455400000002,583.9154791999999,561.1144737,560.0,3146.0,946.0,112.44284379999993,-56.84334069999994,14.59350280000001,1.0536136000000056,-2.0,8.171221275106433,0.4012423158933842,-0.6977207580633831,0.0,0.0,-32.44697640000001,-2.5811402999999586,-1.5,-88.0,-22.0,112.44284379999993,-56.84334069999994,47.040479199999936,3.6347538999999642,-0.5,2
13,ID,17.810408685403,3.307933463595674,55.09873818576482,133.75465464374264,0.20216704306788447,190.5287356,100.4942529,258.133758,369.4313725,170.43921569999998,0.0,0.0,-179.1283784,-111.52799999999999,-223.0376569,3614.0,1532.0,190.5287356,100.4942529,480.9593725,393.4768726,437.26213640000003,18.964736490250285,3.7383829384389387,58.05184785303427,131.46701057423329,3.959663772814071,208.72197309999999,91.34693878,248.69798659999998,357.0352423,165.12173909999999,0.0,0.0,-182.8068966,-122.74107140000001,-227.9210526,208.72197309999999,91.34693878,479.7763137,393.04279169999995,431.5048832,3637.0,1538.0,18.19323749999998,-9.147314120000004,-12.396130200000016,-5.317476599999992,-9.435771400000021,2.9531096672694446,3.7574967297461863,-2.287644069509355,0.0,0.0,-11.213071400000018,-4.883395699999994,-3.678518199999985,23.0,6.0,18.19323749999998,-9.147314120000004,-1.1830587999999693,-0.4340809000000263,-5.7572532000000365,0
14,IL,28.376433953789217,1.476294402219542,129.3349527981223,170.7557452112569,56.607117112227215,467.7162427,139.490566,304.6666667,366.2561983,240.35483870000002,0.0,0.0,-166.75,-149.1864407,-256.0840336,3431.0,1236.0,467.7162427,139.490566,515.442639,496.4388723,471.4166667,30.173601971726413,1.965194374567633,143.51811792694218,169.5827609477132,57.143216378209566,601.413913,242.6477273,329.0,388.965812,244.6446281,0.0,0.0,-170.0,-181.37142859999997,-263.8061224,601.413913,242.6477273,570.3372406,508.4507505,499.0,3435.0,972.0,133.69767029999997,103.15716130000001,22.709613700000034,4.289789399999989,24.333333299999993,14.183165128819894,0.5360992659823509,-1.1729842635436967,0.0,0.0,-32.18498789999998,-7.7220887999999945,-3.25,4.0,-264.0,133.69767029999997,103.15716130000001,54.89460159999999,12.011878200000012,27.583333299999993,2
15,IN,31.853652551707064,1.607796786352038,117.84779176980103,168.31640755543958,56.87952686371528,485.0666666999999,177.09615380000002,290.8,345.3424658,238.3880597,0.0,0.0,-172.33333330000002,-147.5,-255.41095890000003,3372.0,890.0,485.0666666999999,177.09615380000002,492.8424658,493.79901860000007,463.1333333,32.74877345201017,2.030048825916757,124.1667259948885,169.39944638089858,58.826518122120234,502.2659574,168.2804428,308.5,388.03846150000004,240.1428571,0.0,0.0,-183.8,-170.8550725,-244.7222222,502.2659574,168.2804428,558.893534,484.8650793,492.3,3449.0,869.0,17.199290700000063,-8.815711000000022,42.695995700000026,1.7547973999999726,17.69999999999999,6.31893422508746,1.9469912584049567,1.083038825458999,0.0,0.0,-23.355072500000006,10.688736700000021,-11.46666669999999,77.0,-21.0,17.199290700000063,-8.815711000000022,66.05106820000003,-8.933939300000077,29.166666700000007,2
16,KS,21.485288768235158,1.1168992921579532,132.35500409229024,197.78980931361676,58.1226431773395,379.2733333,126.6283422,327.8333333,406.5034014,248.2517007,0.0,0.0,-144.66666669999998,-106.17482520000002,-213.4305556,3238.0,830.0,379.2733333,126.6283422,512.6782266,461.68225629999995,472.5,23.670552773838757,1.219591075819826,135.707908908448,200.20607492891304,59.04775358776871,541.9530284,150.2725367,335.0,411.3691275,243.8150685,0.0,0.0,-164.0,-125.3028169,-239.77941180000002,541.9530284,150.2725367,536.6719444,483.5944803,499.0,3228.0,761.0,162.6796951,23.644194499999983,4.865726100000018,-4.436632199999991,7.1666667000000075,3.3529048161577464,0.9251104104292125,2.4162656152962825,0.0,0.0,-19.12799169999998,-26.34885620000003,-19.33333330000002,-10.0,-69.0,162.6796951,23.644194499999983,23.993717800000013,21.912224000000037,26.5,2
17,KY,34.81475561295698,0.49702558134683805,141.33891699440466,197.97301791818714,76.11356949843014,696.9256197999999,69.47402597,308.4545455,379.2857143,231.2028986,0.0,0.0,-136.875,-78.12903226,-179.1558442,3398.0,582.0,696.9256197999999,69.47402597,457.41474656,410.35874279999996,445.3295455,39.2575781541323,0.9922227221872952,141.6230465937211,197.40565687977215,76.94056925546494,666.9578947000001,190.8108108,310.625,398.0,231.9,0.0,0.0,-152.2727273,-97.08450704,-238.2432432,666.9578947000001,190.8108108,495.08450704,470.14324320000003,462.89772730000004,3405.0,533.0,-29.967725099999825,121.33678483000001,18.714285700000005,0.6971014000000082,2.1704545000000053,0.28412959931645787,0.8269997570347982,-0.5673610384149868,0.0,0.0,-18.955474780000003,-59.087399000000005,-15.397727300000014,7.0,-49.0,-29.967725099999825,121.33678483000001,37.66976047999998,59.78450040000007,17.568181800000048,2
18,LA,40.67219902787194,0.017328503773063234,192.69392589486645,251.61938604338908,135.5583151501008,757.0463576000001,21.12230216,320.1,401.52941180000005,269.1940299,0.0,-0.087837838,-20.4,23.68656716,-67.11940299,3377.0,46.0,757.0463576000001,21.210139998,377.84284464000007,336.31343288999994,340.5,44.06941079630727,0.05464372008269442,198.70812796651265,253.17558160872582,141.42621709667623,1058.7071429999999,44.8,323.5,387.15625,263.171875,0.0,0.0,-47.66666667,2.8636363639999995,-96.06382979,1058.7071429999999,44.8,384.292613636,359.23570479,371.16666667,3339.0,43.0,301.6607853999998,23.677697839999997,-14.373161800000048,-6.022154899999975,3.3999999999999773,6.014202071646196,5.867901946575415,1.5561955653367363,0.0,0.087837838,-20.822930796,-28.944426800000002,-27.26666667,-38.0,-3.0,301.6607853999998,23.589860001999998,6.449768995999932,22.922271900000055,30.666666669999984,2
19,MA,35.1779008991024,3.9398952323758527,117.88802188295404,149.23936995074473,41.067213540065865,756.1578947,349.05555560000005,600.0,349.2888889,233.1777778,0.0,0.0,-172.75,-130.5348837,-228.7380952,3258.0,900.0,756.1578947,349.05555560000005,479.8237726,461.91587300000003,772.75,34.68694309794139,3.905692288766426,108.0712643678161,153.17194299644765,44.85502726903561,669.137931,456.07317069999993,285.0,350.65306119999997,226.49019610000002,0.0,0.0,-140.0,-116.67346940000002,-241.27450980000003,669.137931,456.07317069999993,467.32653059999996,467.7647059000001,425.0,3279.0,838.0,-87.01996370000006,107.01761509999989,1.3641722999999502,-6.687581699999981,-315.0,-9.816757515137937,3.787813728969745,3.9325730457029238,0.0,0.0,13.861414299999979,-12.536414600000029,32.75,21.0,-62.0,-87.01996370000006,107.01761509999989,-12.497242000000028,5.848832900000048,-347.75,3
20,MD,32.38008512470212,1.4756179784407333,142.22283457338386,184.42382535662534,74.18691267695868,798.2151899,247.21428569999998,311.0,362.6,244.6785714,0.0,0.0,-89.5,-68.89285714,-163.03571430000002,2972.0,588.0,798.2151899,247.21428569999998,431.49285714,407.7142857,400.5,34.63747861795426,1.9058748532976435,147.07187842278205,182.43357542276027,78.53648638905422,1180.1774189999999,451.47560980000003,326.0,372.2307692,248.5384615,0.0,0.0,-114.0,-89.28571429,-175.66666669999998,1180.1774189999999,451.47560980000003,461.51648349,424.2051282,440.0,3154.0,623.0,381.96222909999983,204.26132410000005,9.630769199999975,3.859890100000001,15.0,4.849043849398186,4.349573712095534,-1.9902499338650728,0.0,0.0,-20.392857149999998,-12.630952399999956,-24.5,182.0,35.0,381.96222909999983,204.26132410000005,30.023626349999972,16.490842499999985,39.5,3
21,ME,33.158510234707386,6.024614284345466,68.29616916261186,116.30081096491513,1.7277020367399338,686.1666667000001,368.35384619999996,275.55555560000005,336.852459,196.6451613,0.0,0.0,-241.0,-215.2459016,-311.984375,3324.0,1298.0,686.1666667000001,368.35384619999996,552.0983606,508.62953630000004,516.5555556,34.50023224613102,6.260848490218237,80.21707283662589,122.2010166476825,9.496227149970132,832.0642857,347.0380952,286.25,332.4909091,201.4444444,0.0,0.0,-208.0,-193.08333330000002,-270.7666667,832.0642857,347.0380952,525.5742424,472.2111111,494.25,3312.0,1251.0,145.89761899999996,-21.315750999999977,-4.3615499,4.799283099999997,10.694444399999952,11.920903674014028,7.768525113230198,5.900205682767364,0.0,0.0,22.162568299999975,41.21770830000003,33.0,-12.0,-47.0,145.89761899999996,-21.315750999999977,-26.524118199999975,-36.41842520000006,-22.305555600000048,3
22,MI,23.86942118445611,5.224158771338635,67.12485999425468,130.8222827602939,21.837214841399167,430.60507249999995,136.2616822,275.44444439999995,343.15894039999995,224.602649,0.0,-0.080246914,-216.1818182,-136.2420382,-250.8067227,3552.0,1563.0,430.60507249999995,136.341929114,479.4009785999999,475.4093717,491.62626259999996,26.55725193784037,5.580266651528472,62.1855132949892,128.71818917072832,21.64128553146439,382.6360856,148.372,257.2727273,336.8950617,218.07471260000003,0.0,0.0,-224.4,-169.6619718,-297.96527779999997,382.6360856,148.372,506.5570335,516.0399904,481.6727273,3556.0,1560.0,-47.96898689999995,12.110317800000018,-6.263878699999964,-6.527936399999987,-18.171717099999967,-4.939346699265478,-0.19592930993477609,-2.104093589565565,0.0,0.080246914,-33.41993360000001,-47.15855509999997,-8.218181799999996,4.0,-3.0,-47.96898689999995,12.030070886000004,27.156054900000072,40.63061869999996,-9.953535299999942,0
23,MN,20.45980890784335,3.260767211644678,48.88985318027996,114.94732625212113,-0.7695739051256613,411.5102041,163.3283582,273.5185185,348.7463768,222.4954955,0.0,0.0,-289.1034483,-232.4932432,-340.4256757,3415.0,1439.0,411.5102041,163.3283582,581.2396200000001,562.9211712,562.6219668000001,24.144945277338948,4.015615373986578,49.164874915221546,111.648133661074,-1.6934225617995573,514.4275,159.44171780000002,273.037037,333.20945950000004,221.45033109999997,0.0,0.0,-325.1851852,-250.4740741,-379.15441180000005,514.4275,159.44171780000002,583.6835336,600.6047429,598.2222222,3478.0,1471.0,102.9172959,-3.886640399999976,-15.53691729999997,-1.0451644000000329,-0.4814815000000294,0.2750217349415891,-0.923848656673896,-3.299192591047131,0.0,0.0,-17.9808309,-38.72873610000005,-36.08173689999995,63.0,32.0,102.9172959,-3.886640399999976,2.4439135999999735,37.683571700000016,35.600255399999924,0
24,MO,30.280146399352056,0.7677246931193539,134.25022029798336,189.59014798144523,69.53741764131199,708.6408451,106.98402560000001,314.9090909,384.0,242.503876,0.0,0.0,-162.0,-98.45522388,-207.90476189999998,3335.0,644.0,708.6408451,106.98402560000001,482.45522388,450.4086379,476.9090909,32.192111327858655,1.0769850781941395,138.2147702384405,190.00623725162248,70.52490671600128,904.9951807,214.49462369999998,324.1818182,395.0496454,247.51094890000002,0.0,0.0,-186.75,-119.6046512,-229.9076923,904.9951807,214.49462369999998,514.6542966,477.4186412,510.9318182,3406.0,574.0,196.3543356,107.51059809999997,11.049645399999974,5.007072900000026,9.272727299999985,3.9645499404571467,0.987489074689293,0.4160892701772525,0.0,0.0,-21.14942732,-22.002930400000025,-24.75,71.0,-70.0,196.3543356,107.51059809999997,32.19907271999995,27.01000330000005,34.022727299999985,2
25,MS,40.75474204858946,0.03489058172159868,177.78103632535706,240.37580608593782,114.26885497886713,1067.970297,34.72826087,334.5,398.578125,238.6527778,0.0,0.0,-49.66666667,-3.088607595,-113.63291140000001,3153.0,66.0,1067.970297,34.72826087,401.666732595,352.2856892,384.16666667,43.972126155876474,0.11455857528477548,184.73733238692583,242.16802735131975,119.29866182364066,1002.0654210000001,68.75531915,310.9090909,382.27777779999997,252.83333330000002,0.0,0.0,-67.0,-25.42857143,-131.3333333,1002.0654210000001,68.75531915,407.70634922999994,384.1666666,377.9090909,3204.0,81.0,-65.90487599999994,34.027058280000006,-16.300347200000033,14.180555500000025,-23.590909099999976,6.956296061568764,5.029806844773532,1.7922212653819258,0.0,0.0,-22.339963835000002,-17.70042189999998,-17.333333330000002,51.0,15.0,-65.90487599999994,34.027058280000006,6.039616634999959,31.880977400000006,-6.25757576999996,2
26,MT,14.079695578487268,2.944789724633453,44.579622680614214,124.19200717051277,-9.229210950194902,172.3825503,90.63793103,242.9878788,359.25449100000003,181.4040698,0.0,0.0,-261.6898734,-196.17994099999999,-307.9850299,3646.0,1901.0,172.3825503,90.63793103,555.434432,489.3890997,504.6777522,16.117199270486566,4.596392582461125,43.82977851202347,120.17603892363393,-8.812264218517228,236.90231359999999,105.7896996,261.0192308,349.6182432,187.1313131,0.0,0.0,-263.7341772,-198.6237942,-322.7830189,236.90231359999999,105.7896996,548.2420374,509.914332,524.753408,3646.0,1889.0,64.5197633,15.151768570000002,-9.636247800000035,5.727243299999998,18.031352,-0.7498441685907409,0.41694673167767426,-4.015968246878842,0.0,0.0,-2.4438532000000066,-14.79798900000003,-2.044303799999966,0.0,-12.0,64.5197633,15.151768570000002,-7.192394600000057,20.525232300000027,20.07565580000005,0
27,NC,34.18975952237471,0.46568228459731686,154.90554535116345,211.90803011795464,87.83210718452627,641.8489208999999,112.3534137,303.44444439999995,368.72093019999994,233.27906980000003,0.0,0.0,-72.18181818,-31.5754717,-128.4433962,3459.0,708.0,641.8489208999999,112.3534137,400.2964018999999,361.72246600000005,375.62626257999995,39.012411191071934,0.8134754920807779,151.18121162324735,214.3804012726691,93.93195354758203,931.6216216,137.6978852,290.2727273,370.6538462,235.66153849999998,0.0,0.0,-100.6363636,-40.9453125,-149.0465116,931.6216216,137.6978852,411.5991587,384.7080501,390.90909089999997,3580.0,538.0,289.7727007000001,25.344471499999997,1.9329160000000343,2.382468699999947,-13.171717099999967,-3.724333727916104,6.099846363055761,2.472371154714466,0.0,0.0,-9.369840799999999,-20.603115400000007,-28.454545420000002,121.0,-170.0,289.7727007000001,25.344471499999997,11.302756800000054,22.985584099999926,15.282828320000021,2
28,ND,13.022077551131359,2.740561814627429,54.89607314420229,117.08644600535823,-11.744163480705726,243.03571430000002,130.77,304.55555560000005,376.9583333,215.1938776,0.0,-0.125,-301.6666667,-263.60606060000003,-362.4526316,3175.0,1414.0,243.03571430000002,130.895,640.5643939,577.6465092000001,606.2222223000001,15.403764819615818,3.753796615167035,48.287671791150935,113.0171448610076,-10.903856259282838,296.5,197.7682927,303.75,368.2957746,215.02298849999997,0.0,0.0,-296.4,-251.3478261,-347.4647887,296.5,197.7682927,619.6436007,562.4877772,600.15,3209.0,1340.0,53.46428569999998,66.99829269999998,-8.662558699999977,-0.1708891000000392,-0.8055556000000479,-6.608401353051356,0.8403072214228882,-4.069301144350632,0.0,0.125,12.258234500000043,14.987842900000032,5.26666670000003,34.0,-74.0,53.46428569999998,66.87329269999998,-20.92079320000005,-15.1587320000001,-6.072222300000135,0
29,NE,17.25794023877304,1.9207510674809747,95.38571148594424,171.013969097562,27.68989975623577,377.762963,140.19205300000002,315.25,386.9032258,225.048951,0.0,0.0,-232.88888889999998,-159.4864865,-251.9266667,3252.0,1258.0,377.762963,140.19205300000002,546.3897122999999,476.9756177,548.1388889,20.247081278245933,2.1935529768033954,69.83346296382271,168.25746064979083,25.820290117185042,332.37636360000005,134.2842105,298.6666667,382.7655172,215.22,0.0,0.0,-261.1111111,-163.125,-273.36363639999996,332.37636360000005,134.2842105,545.8905172,488.58363639999993,559.7777778,3306.0,1316.0,-45.386599399999966,-5.907842500000015,-4.137708599999996,-9.82895099999999,-16.583333299999993,-25.55224852212153,-1.8696096390507293,-2.756508447771182,0.0,0.0,-3.6385134999999877,-21.436969699999963,-28.222222200000033,54.0,58.0,-45.386599399999966,-5.907842500000015,-0.4991950999999517,11.608018699999946,11.638888899999984,0
30,NH,33.990848708720165,5.905488951545859,79.66499100866257,131.22460721664865,11.097511837713105,935.0212766000001,424.1388888999999,286.25,344.61290319999995,212.137931,0.0,0.0,-223.75,-199.2413793,-285.46875,3261.0,1267.0,935.0212766000001,424.1388888999999,543.8542825,497.606681,510.0,33.57218594605807,5.831079246406615,112.35671807990553,136.679433720002,17.606996769262864,668.4473684,376.2048193,289.85604999148933,347.6222222,215.8571429,0.0,0.0,-161.27762466085105,-158.0909091,-277.6923077,668.4473684,376.2048193,505.7131313,493.5494506,451.13367465234046,3305.0,1275.0,-266.5739082000001,-47.93406959999993,3.009319000000062,3.719211900000005,-33.82083897234042,0.9359313954235938,6.509484931549759,5.45482650335336,0.0,0.0,41.1504702,7.776442299999985,-14.315347145744688,44.0,8.0,-266.5739082000001,-47.93406959999993,-38.14115119999997,-4.05723039999998,-19.505491826595744,3
31,NJ,34.2122761030963,1.823337324205857,112.47233120807539,173.32381589378596,62.150031973285174,704.8709677,275.5357143,295.6,368.6486486,254.66666669999998,0.0,0.0,-155.66666669999998,-70.53333333,-178.3478261,3049.0,429.0,704.8709677,275.5357143,439.18198193,433.01449279999997,451.2666667,36.02372869660114,2.471508550536417,112.35671807990553,175.61241860126387,67.9742235997369,1623.761194,344.4468085,289.85604999148933,382.125,252.6,0.0,0.0,-161.27762466085105,-99.90476190000001,-188.952381,1623.761194,344.4468085,482.02976190000004,441.55238099999997,451.13367465234046,3068.0,426.0,918.8902262999999,68.91109419999998,13.476351399999999,-2.0666666999999848,-33.82083897234042,0.9359313954235938,5.824191626451729,2.2886027074779065,0.0,0.0,-29.371428570000006,-10.60455490000001,-14.315347145744688,19.0,-3.0,918.8902262999999,68.91109419999998,42.84777997000003,8.537888199999998,-19.505491826595744,3
32,NM,10.286066247929385,1.4150938257812757,60.992275270939274,202.09628696685112,42.762904792806474,193.64848480000003,124.81673310000001,201.0454545,493.9,416.2278481,0.0,0.0,-135.375,-24.27152318,-180.4041096,3456.0,1099.0,193.64848480000003,124.81673310000001,518.17152318,596.6319577,336.4204545,10.305070225294596,1.4043530977913474,61.861934245411014,196.54251731877594,34.55915009281213,246.77074240000002,112.66799999999999,200.44,355.7131148,356.9352518,0.0,0.0,-222.04347830000003,-102.7746479,-252.020979,246.77074240000002,112.66799999999999,458.4877627,608.9562308,422.4834783,3398.0,1016.0,53.12225759999998,-12.148733100000015,-138.18688519999995,-59.292596300000014,-0.6054545000000076,0.86965897447174,-8.203754699994342,-5.553769648075189,0.0,0.0,-78.50312472,-71.61686940000001,-86.66847830000003,-58.0,-83.0,53.12225759999998,-12.148733100000015,-59.68376047999999,12.324273099999914,86.0630238,1
33,NV,8.680330303656701,1.586460856103751,84.59562237006125,175.7326975450025,24.577197547750398,185.1268657,86.3490566,274.5492958,379.9256757,190.7435897,0.0,0.0,-147.28571430000002,-63.21678322,-199.23611110000002,3088.0,1095.0,185.1268657,86.3490566,443.14245892,389.97970080000005,421.8350101,10.248464170602432,1.995294782735489,80.81746767766576,165.5743888716375,25.01350972014294,204.7628205,112.7157895,255.9775281,362.8589744,180.9487179,0.0,0.0,-161.71428569999998,-78.62420382,-200.6265823,204.7628205,112.7157895,441.48317822,381.5753002,417.6918138,3232.0,1024.0,19.635954800000007,26.366732900000002,-17.066701299999977,-9.79487180000001,-18.57176769999998,-3.778154692395489,0.43631217239254383,-10.158308673365013,0.0,0.0,-15.407420600000002,-1.390471199999979,-14.428571399999953,144.0,-71.0,19.635954800000007,26.366732900000002,-1.6592807000000107,-8.40440060000003,-4.1431963,0
34,NY,31.16536949186322,5.496999224496305,89.99455293247536,140.67302881254395,31.893924721267123,455.52150539999997,198.7984496,290.5,347.1836735,234.1914894,0.0,-0.1,-188.3846154,-149.372549,-240.2843137,3585.0,1441.0,455.52150539999997,198.8984496,496.5562225,474.4758031,478.88461540000003,32.01437167919384,6.08248406025082,95.59559145672382,142.59063527570783,33.895973557031155,715.950495,358.1601563,295.6666667,353.295082,219.58196719999998,0.0,0.0,-197.2,-149.74074069999998,-261.9454545,715.950495,358.1601563,503.0358226999999,481.5274217,492.8666667,3600.0,1412.0,260.4289896000001,159.36170669999998,6.111408499999982,-14.609522200000015,5.1666667000000075,5.601038524248466,2.0020488357640325,1.917606463163878,0.0,0.1,-0.3681916999999828,-21.66114079999997,-8.815384599999987,15.0,-29.0,260.4289896000001,159.2617067,6.479600199999936,7.051618599999983,13.982051299999966,3
35,OH,29.35689643623888,1.7173203748694217,115.57142905436287,164.62231751759327,53.22945056357273,479.5221239,126.3506494,299.5,341.954023,231.91860469999997,0.0,0.0,-167.5,-129.3139535,-245.38823530000002,3510.0,966.0,479.5221239,126.3506494,471.26797650000003,477.30683999999997,467.0,31.379200507937256,2.3984472562951797,122.6621942315609,168.25901961835163,56.84470960666627,476.64013839999996,143.0,305.5,373.98837210000005,233.3815789,0.0,0.0,-181.33333330000002,-149.2054795,-246.2272727,476.64013839999996,143.0,523.1938516,479.6088516,486.83333330000005,3542.0,925.0,-2.8819855000000416,16.649350600000005,32.03434910000004,1.4629742000000192,6.0,7.090765177198037,3.6152590430935376,3.636702100758356,0.0,0.0,-19.891526,-0.8390373999999667,-13.833333300000021,32.0,-41.0,-2.8819855000000416,16.649350600000005,51.925875099999985,2.3020116000000144,19.83333330000005,2
36,OK,24.842573906433067,0.435114801537914,162.77741554611242,225.3743106880181,90.3244100058169,616.4347826000001,87.48591549,326.4166667,417.3578947,257.4022989,0.0,0.0,-90.41666667,-56.15625,-157.2527473,3111.0,377.0,616.4347826000001,87.48591549,473.5141447,414.6550462,416.83333337,25.84855333269555,0.5595221041139099,163.58274005096928,228.62756206230804,93.90849269979772,648.7138643,120.7176471,356.3333333,432.5213675,263.35200000000003,0.0,0.0,-108.25,-86.76785714,-216.0444444,648.7138643,120.7176471,519.28922464,479.39644440000006,464.5833333,3094.0,295.0,32.27908169999989,33.23173161,15.163472800000022,5.949701100000027,29.916666599999985,0.8053245048568556,3.584082693980818,3.253251374289931,0.0,0.0,-30.611607140000004,-58.79169709999999,-17.833333330000002,-17.0,-82.0,32.27908169999989,33.23173161,45.77507994000007,64.74139820000005,47.74999993,2
37,OR,26.092240504900087,1.2527490478713363,75.70343449814155,150.68737272214767,26.261735777334763,400.281106,63.12158055,255.875,357.1807229,181.5592105,0.0,0.0,-142.32105259999997,-60.90153846,-170.8184615,3555.0,1254.0,400.281106,63.12158055,418.08226135999996,352.377672,398.1960526,31.469361573570126,1.6532799600884458,76.81787265173925,148.07624394890476,32.95453403117058,478.54130430000004,113.6340426,249.98930479999999,346.527027,170.8019802,0.0,0.0,-134.97206699999998,-66.84280936,-184.52333330000002,478.54130430000004,113.6340426,413.36983635999997,355.3253135,384.96137179999994,3599.0,1226.0,78.26019830000001,50.51246205,-10.653695900000002,-10.757230300000003,-5.885695200000015,1.1144381535977033,6.692798253835818,-2.6111287732429105,0.0,0.0,-5.941270900000006,-13.704871800000006,7.348985599999992,44.0,-28.0,78.26019830000001,50.51246205,-4.712424999999996,2.9476414999999747,-13.234680800000035,0
38,PA,31.840776648828633,2.853740356929103,95.16680565230443,157.6126365893092,43.00778741676154,965.1538462000001,264.94117650000004,283.9166667,348.9340659,225.9368421,0.0,0.0,-192.5,-112.0947368,-225.5368421,3525.0,1129.0,965.1538462000001,264.94117650000004,461.0288027,451.4736842,476.4166667,34.60804651989729,3.106676542855972,95.19989047100547,159.54061290673914,46.070918729037814,845.906015,241.0678733,285.5,368.1333333,223.82075469999998,0.0,0.0,-199.33333330000002,-126.81372549999999,-236.12,845.906015,241.0678733,494.9470588,459.94075469999996,484.83333330000005,3558.0,1116.0,-119.24783120000006,-23.873303200000038,19.199267399999997,-2.1160874000000263,1.5833332999999925,0.03308481870104174,3.063131312276276,1.9279763174299376,0.0,0.0,-14.718988699999983,-10.583157900000003,-6.833333300000021,33.0,-13.0,-119.24783120000006,-23.873303200000038,33.91825609999995,8.467070499999977,8.416666600000042,2
39,RI,35.24364789427057,2.600572470075076,102.09996350102642,154.97683638991333,54.73650880564601,1130.4,411.3333333,281.0,356.8,234.0,0.0,0.0,-168.66666669999998,-104.6,-211.2,2179.0,311.0,1130.4,411.3333333,461.4,445.2,449.66666669999995,35.134188479770486,3.0204127567497263,108.55940594059406,161.43746023060365,58.593166823386944,1150.642857,427.9,278.0,373.4,233.5,0.0,0.0,-163.0,-97.14285714,-225.5,1150.642857,427.9,470.54285713999997,459.0,441.0,2401.0,362.0,20.242856999999958,16.566666699999985,16.599999999999966,-0.5,-3.0,6.459442439567638,3.8566580177409335,6.460623840690317,0.0,0.0,7.4571428599999905,-14.300000000000011,5.666666699999979,222.0,51.0,20.242856999999958,16.566666699999985,9.14285713999999,13.800000000000011,-8.66666669999995,3
40,SC,32.46275698324555,0.08440736870134136,172.59929651219434,233.82167820053004,105.26288135109058,709.5990783,44.18461538,489.66666669999995,393.9850746,247.3283582,0.0,0.0,-44.375,7.349206349,-112.9375,3163.0,74.0,709.5990783,44.18461538,386.63586825100003,360.2658582,534.0416667,36.910204065423876,0.1946520664446879,178.6204180358007,235.77604052572093,110.10827788298617,1122.964392,84.80379747,311.5,392.5882353,240.7777778,0.0,0.0,-62.4,1.3529411759999999,-118.2876712,1122.964392,84.80379747,391.235294124,359.065449,373.9,3398.0,79.0,413.3653137000001,40.61918209000001,-1.3968393000000106,-6.550580400000001,-178.16666669999995,6.021121523606354,4.845396531895588,1.9543623251908855,0.0,0.0,-5.996265173,-5.3501712000000055,-18.025,235.0,5.0,413.3653137000001,40.61918209000001,4.599425872999973,-1.2004092000000242,-160.14166669999997,2
41,SD,14.826334275090325,2.8436412392006605,71.70504358886997,146.54398061986566,11.076564286975643,339.3099042,130.5105263,291.70588239999995,408.11627910000004,217.81395350000003,0.0,0.0,-258.0,-199.5873016,-297.1384615,3314.0,1447.0,339.3099042,130.5105263,607.7035807,514.952415,549.7058824,18.358560547979483,3.5986916452469906,68.68093021427049,141.08289200245935,10.376859958065715,387.45535710000007,158.74444440000002,274.1666667,376.6086957,233.075,0.0,0.0,-252.5,-213.0970874,-309.71153849999996,387.45535710000007,158.74444440000002,589.7057831,542.7865385,526.6666667,3368.0,1415.0,48.145452900000066,28.23391810000001,-31.507583400000044,15.261046499999964,-17.539215699999943,-3.02411337459948,-0.6997043289099274,-5.461088617406318,0.0,0.0,-13.509785800000003,-12.573076999999955,5.5,54.0,-32.0,48.145452900000066,28.23391810000001,-17.997797600000013,27.834123500000032,-23.0392157,0
42,TN,37.50683575712585,0.30481791666000546,143.06798957952657,206.7564252275034,82.50516945121278,710.9326316,58.59106529,297.1538462,386.24812030000004,223.8074074,0.0,0.0,-120.7142857,-72.25203252,-173.733871,3428.0,466.0,710.9326316,58.59106529,458.50015282000004,397.5412784,417.8681319,42.27729637964862,0.4683877202593108,148.1473177997341,208.81628861888709,86.32825143556154,960.9977011,90.23893805,309.5454545,397.3333333,233.7230769,0.0,0.0,-123.66666670000001,-88.07874016,-183.38582680000002,960.9977011,90.23893805,485.41207346,417.10890370000004,433.2121212,3499.0,474.0,250.06506949999994,31.64787276,11.085212999999953,9.915669500000007,12.39160830000003,5.079328220207543,3.823081984348761,2.0598633913836863,0.0,0.0,-15.826707639999995,-9.651955800000025,-2.9523810000000026,71.0,8.0,250.06506949999994,31.64787276,26.91192063999995,19.56762530000003,15.343989300000032,2
43,TX,23.084537615622835,0.11312435951026564,192.01962506148513,256.43279962654816,122.74862349257488,342.1364829,16.8,320.1764706,408.83746560000003,242.00789469999998,0.0,0.0,-29.03571429,10.48184019,-76.79283887,3611.0,433.0,342.1364829,16.8,398.35562541,318.80073357,349.21218489,25.470838188448845,0.22040928424972614,195.28062365294178,258.6151744689236,123.63621546570712,617.3426676,29.922330100000003,324.96078430000006,401.3333333,252.94132030000003,0.0,0.0,-62.58,-41.38888889,-104.8790932,617.3426676,29.922330100000003,442.72222218999997,357.82041350000003,387.54078430000004,3607.0,384.0,275.20618470000005,13.122330100000003,-7.5041323000000375,10.93342560000005,4.784313700000041,3.260998591456655,0.8875919731322455,2.1823748423754523,0.0,0.0,-51.87072908,-28.086254330000003,-33.54428571,-4.0,-49.0,275.20618470000005,13.122330100000003,44.36659677999995,39.01967993000005,38.32859941000004,2
44,UT,13.71239034962445,3.4403533389405965,48.15465503594194,149.63911215774914,6.27957738748152,320.2088889,115.56410259999998,229.2525253,361.1066667,164.875,0.0,0.0,-185.17142859999998,-94.42477876,-226.86725660000002,3473.0,1494.0,320.2088889,115.56410259999998,455.53144546,391.7422566,414.4239539,14.491743627202876,3.4981960714896023,52.26370354774584,145.23263440992122,9.51051851688391,273.4404332,94.59868421,205.0136986,332.20329669999995,161.58241759999999,0.0,0.0,-207.25547450000002,-122.05833329999999,-251.55230130000004,273.4404332,94.59868421,454.26162999999997,413.13471890000005,412.2691731,3434.0,1399.0,-46.768455700000004,-20.965418389999982,-28.903370000000052,-3.292582400000015,-24.238826700000004,4.109048511803898,3.230941129402389,-4.406477747827921,0.0,0.0,-27.63355453999999,-24.68504470000002,-22.084045900000035,-39.0,-95.0,-46.768455700000004,-20.965418389999982,-1.269815460000018,21.392462300000034,-2.154780800000026,0
45,VA,30.959801819533524,0.9540227839082932,134.6033702957871,192.96961147680625,68.87742182533917,588.0769231,226.0465116,294.57142860000005,360.9183673,224.14736839999998,0.0,0.0,-107.2857143,-51.74747475,-169.18181819999998,3381.0,654.0,588.0769231,226.0465116,412.66584205,393.32918659999996,401.85714290000004,34.03115245941898,1.361125643549837,136.74325679309462,195.3052508970336,75.14093405380859,596.3881279,238.2311558,296.57142860000005,367.1770833,227.4954128,0.0,0.0,-121.8,-79.98863636,-187.48863640000002,596.3881279,238.2311558,447.16571966,414.9840492,418.37142860000006,3480.0,627.0,8.311204799999928,12.184644200000008,6.258715999999993,3.3480444000000205,2.0,2.139886497307515,6.263512228469423,2.335639420227352,0.0,0.0,-28.24116161,-18.306818200000038,-14.514285700000002,99.0,-27.0,8.311204799999928,12.184644200000008,34.49987761,21.654862600000058,16.514285700000016,2
46,VT,32.9960864391302,7.416200473791963,67.83424615138875,122.06729578009818,4.510136041247464,434.2051282,430.89189189999996,280.0,331.0,220.45161290000001,0.0,0.0,-258.2,-222.5806452,-307.5806452,3299.0,1298.0,434.2051282,430.89189189999996,553.5806451999999,528.0322581,538.2,33.47812237288964,7.389336775562166,73.41438418701452,124.03533916127432,7.398488623242616,1042.141176,440.92682930000007,280.75,334.0930233,215.2580645,0.0,0.0,-234.75,-184.1290323,-308.3913043,1042.141176,440.92682930000007,518.2220556,523.6493688,515.5,3334.0,1342.0,607.9360478000001,10.034937400000103,3.093023300000027,-5.193548400000026,0.75,5.580138035625765,2.888352581995152,1.9680433811761446,0.0,0.0,38.451612899999986,-0.8106591000000094,23.44999999999999,35.0,44.0,607.9360478000001,10.034937400000103,-35.35858959999996,-4.382889299999988,-22.700000000000045,3
47,WA,33.12387764738206,2.187187149775528,60.271682342090564,134.4965718130194,31.328565031717257,775.2685713999999,103.8787879,495.6067416,345.2864583,291.10256410000005,0.0,0.0,-153.65476189999998,-98.94972067,-178.88826819999997,3606.0,1443.0,775.2685713999999,103.8787879,444.23617896999997,469.9908323,649.2615035,33.26719775522595,2.943379912839263,60.673165232501745,130.43293941454507,34.740149258569794,412.52487560000003,127.86757990000001,353.70329669999995,329.70588239999995,188.1621622,0.0,0.0,-151.89010990000003,-80.28494624,-170.4814815,412.52487560000003,127.86757990000001,409.99082863999996,358.6436437,505.5934066,3605.0,1449.0,-362.7436957999999,23.988792000000004,-15.580575900000042,-102.94040190000004,-141.90344490000007,0.4014828904111809,3.4115842268525363,-4.0636323984743115,0.0,0.0,18.66477443000001,8.40678669999997,1.7646519999999555,-1.0,6.0,-362.7436957999999,23.988792000000004,-34.24535033000001,-111.34718860000004,-143.66809690000002,0
48,WI,23.318841397484796,3.751874657402417,67.87395395372835,126.66263671332548,13.831045269086502,431.82083330000006,213.88842979999998,289.8,351.6387097,225.40384619999998,0.0,0.0,-260.4,-194.84375,-311.30379750000003,3474.0,1435.0,431.82083330000006,213.88842979999998,546.4824596999999,536.7076437000001,550.2,26.967522745867445,3.873354315942226,67.09678258449283,125.54660931432109,16.797610166149212,476.6487455,155.4957265,287.0,357.26829269999996,223.63125,0.0,0.0,-283.5,-231.5774648,-344.2957746,476.6487455,155.4957265,588.8457575,567.9270246,570.5,3460.0,1388.0,44.82791219999996,-58.392703299999994,5.629582999999968,-1.772596199999981,-2.8000000000000114,-0.7771713692355178,2.9665648970627103,-1.1160273990043947,0.0,0.0,-36.7337148,-32.991977099999986,-23.100000000000023,-14.0,-47.0,44.82791219999996,-58.392703299999994,42.363297800000055,31.21938089999992,20.299999999999955,0
49,WV,33.26185073649194,2.5115668754185543,111.42367387952893,174.88387963649166,50.411031916006124,501.44705880000004,231.8588235,278.0,341.89189189999996,209.0,0.0,0.0,-178.0,-106.875,-211.2028986,3397.0,945.0,501.44705880000004,231.8588235,448.76689189999996,420.2028986,456.0,34.733855910934246,2.923735955388828,111.29134295227524,176.8208790407206,54.378199489263,489.75728160000006,352.8461538,269.0,361.9253731,214.08196719999998,0.0,0.0,-186.0,-128.296875,-237.9848485,489.75728160000006,352.8461538,490.2222481,452.0668157,455.0,3412.0,813.0,-11.68977719999998,120.98733030000002,20.03348120000004,5.08196719999998,-9.0,-0.13233092725369033,3.967167573256873,1.936999404228942,0.0,0.0,-21.421875,-26.7819499,-8.0,15.0,-132.0,-11.68977719999998,120.98733030000002,41.45535620000004,31.86391709999998,-1.0,3
50,WY,12.745344331665972,3.8982582653991305,29.156749470773573,118.95527272552064,-22.563192742570493,192.6615854,96.23857868,415.7835052,336.5625,247.80412369999996,0.0,0.0,-222.95652169999997,-167.5307263,-291.4974874,3641.0,1932.0,192.6615854,96.23857868,504.09322629999997,539.3016111,638.7400269,14.186842567801754,4.99994150772098,30.65238420495152,117.87868717152064,-20.20026739391375,215.65667569999997,123.97787609999999,195.6237624,312.8075117,206.1893204,0.0,0.0,-259.505618,-166.5532995,-311.135,215.65667569999997,123.97787609999999,479.36081120000006,517.3243204,455.12938040000006,3646.0,1932.0,22.99509029999996,27.739297419999986,-23.75498829999998,-41.61480329999995,-220.15974279999998,1.4956347341779477,2.3629253486567414,-1.0765855540000047,0.0,0.0,0.9774267999999893,-19.63751259999998,-36.54909630000006,5.0,0.0,22.99509029999996,27.739297419999986,-24.732415099999912,-21.977290699999912,-183.61064649999992,0
